antecedents_str,consequents_str,support,confidence,lift,antecedent_len,consequent_len
"beverages, personal care",household,0.012832930179568271,0.30150128723086267,2.3525191158416776,2,1
"dry goods pasta, pantry",canned goods,0.015782915856460297,0.3106456537719008,1.9358821124021006,2,1
"deli, dry goods pasta",bakery,0.010760799171968406,0.3430096414227967,1.5291758776324198,2,1
international,"pantry, produce",0.016868435071176406,0.34124552707829997,1.5192348680273584,1,2
"deli, meat seafood",bakery,0.010801018787485296,0.3387042804561015,1.509982090229064,2,1
