antecedents_str,consequents_str,support,confidence,lift
Raspberries,Strawberries,0.005113985044434848,0.2545248868778281,5.420295957388094
Organic Fuji Apple,Banana,0.009727935995636067,0.3581589958158996,2.387563839229111
Organic Large Extra Fancy Fuji Apple,Bag of Organic Bananas,0.005386730913471373,0.26450892857142855,2.184234108550515
Apple Honeycrisp Organic,Bag of Organic Bananas,0.005636747960088188,0.2517766497461929,2.079094830871481
Honeycrisp Apple,Banana,0.006932290838011682,0.306841046277666,2.0454675019815864
Cucumber Kirby,Banana,0.007591426688183286,0.280672268907563,1.8710208810797047
Organic Avocado,Banana,0.013819124031183945,0.2689075630252101,1.792594856124268
