antecedents_str,consequents_str,support,confidence,lift,rule,support_pct
Raspberries,Strawberries,0.0051139850444348,0.2545248868778281,5.420295957388094,Raspberries → Strawberries,0.51
Organic Fuji Apple,Banana,0.009727935995636,0.3581589958158996,2.387563839229111,Organic Fuji Apple → Banana,0.97
Organic Large Extra Fancy Fuji Apple,Bag of Organic Bananas,0.0053867309134713,0.2645089285714285,2.184234108550515,Organic Large Extra Fancy Fuji Apple → Bag of Organic Bananas,0.54
Apple Honeycrisp Organic,Bag of Organic Bananas,0.0056367479600881,0.2517766497461929,2.079094830871481,Apple Honeycrisp Organic → Bag of Organic Bananas,0.56
Honeycrisp Apple,Banana,0.0069322908380116,0.306841046277666,2.0454675019815864,Honeycrisp Apple → Banana,0.69
Cucumber Kirby,Banana,0.0075914266881832,0.280672268907563,1.8710208810797049,Cucumber Kirby → Banana,0.76
Organic Avocado,Banana,0.0138191240311839,0.2689075630252101,1.792594856124268,Organic Avocado → Banana,1.38
